Domain,Area,Element,Item,Year,Source,Unit,Value
"Emissions from Forests","Syrian Arab Republic","Area","Forestland","1990","FAO TIER 1","1000 ha","450.99"
"Emissions from Forests","Syrian Arab Republic","Net emissions/removals (CO2) (Forest land)","Forestland","1990","FAO TIER 1","kt","-1525.3333"
"Emissions from Forests","Syrian Arab Republic","Area","Forestland","1991","FAO TIER 1","1000 ha","451.968"
"Emissions from Forests","Syrian Arab Republic","Net emissions/removals (CO2) (Forest land)","Forestland","1991","FAO TIER 1","kt","-1525.3333"
"Emissions from Forests","Syrian Arab Republic","Area","Forestland","1992","FAO TIER 1","1000 ha","452.946"
"Emissions from Forests","Syrian Arab Republic","Net emissions/removals (CO2) (Forest land)","Forestland","1992","FAO TIER 1","kt","-1525.3333"
"Emissions from Forests","Syrian Arab Republic","Area","Forestland","1993","FAO TIER 1","1000 ha","453.924"
"Emissions from Forests","Syrian Arab Republic","Net emissions/removals (CO2) (Forest land)","Forestland","1993","FAO TIER 1","kt","-1525.3333"
"Emissions from Forests","Syrian Arab Republic","Area","Forestland","1994","FAO TIER 1","1000 ha","454.902"
"Emissions from Forests","Syrian Arab Republic","Net emissions/removals (CO2) (Forest land)","Forestland","1994","FAO TIER 1","kt","-1525.3333"
"Emissions from Forests","Syrian Arab Republic","Area","Forestland","1995","FAO TIER 1","1000 ha","455.88"
"Emissions from Forests","Syrian Arab Republic","Net emissions/removals (CO2) (Forest land)","Forestland","1995","FAO TIER 1","kt","-1525.3333"
"Emissions from Forests","Syrian Arab Republic","Area","Forestland","1996","FAO TIER 1","1000 ha","456.858"
"Emissions from Forests","Syrian Arab Republic","Net emissions/removals (CO2) (Forest land)","Forestland","1996","FAO TIER 1","kt","-1525.3333"
"Emissions from Forests","Syrian Arab Republic","Area","Forestland","1997","FAO TIER 1","1000 ha","457.836"
"Emissions from Forests","Syrian Arab Republic","Net emissions/removals (CO2) (Forest land)","Forestland","1997","FAO TIER 1","kt","-1525.3333"
"Emissions from Forests","Syrian Arab Republic","Area","Forestland","1998","FAO TIER 1","1000 ha","458.814"
"Emissions from Forests","Syrian Arab Republic","Net emissions/removals (CO2) (Forest land)","Forestland","1998","FAO TIER 1","kt","-1525.3333"
"Emissions from Forests","Syrian Arab Republic","Area","Forestland","1999","FAO TIER 1","1000 ha","459.792"
"Emissions from Forests","Syrian Arab Republic","Net emissions/removals (CO2) (Forest land)","Forestland","1999","FAO TIER 1","kt","-1525.3333"
"Emissions from Forests","Syrian Arab Republic","Area","Forestland","2000","FAO TIER 1","1000 ha","460.77"
"Emissions from Forests","Syrian Arab Republic","Net emissions/removals (CO2) (Forest land)","Forestland","2000","FAO TIER 1","kt","-1525.3333"
"Emissions from Forests","Syrian Arab Republic","Area","Forestland","2001","FAO TIER 1","1000 ha","465.891"
"Emissions from Forests","Syrian Arab Republic","Net emissions/removals (CO2) (Forest land)","Forestland","2001","FAO TIER 1","kt","-1697.6667"
"Emissions from Forests","Syrian Arab Republic","Area","Forestland","2002","FAO TIER 1","1000 ha","471.012"
"Emissions from Forests","Syrian Arab Republic","Net emissions/removals (CO2) (Forest land)","Forestland","2002","FAO TIER 1","kt","-1697.6667"
"Emissions from Forests","Syrian Arab Republic","Area","Forestland","2003","FAO TIER 1","1000 ha","476.133"
"Emissions from Forests","Syrian Arab Republic","Net emissions/removals (CO2) (Forest land)","Forestland","2003","FAO TIER 1","kt","-1697.6667"
"Emissions from Forests","Syrian Arab Republic","Area","Forestland","2004","FAO TIER 1","1000 ha","481.254"
"Emissions from Forests","Syrian Arab Republic","Net emissions/removals (CO2) (Forest land)","Forestland","2004","FAO TIER 1","kt","-1697.6667"
"Emissions from Forests","Syrian Arab Republic","Area","Forestland","2005","FAO TIER 1","1000 ha","486.375"
"Emissions from Forests","Syrian Arab Republic","Net emissions/removals (CO2) (Forest land)","Forestland","2005","FAO TIER 1","kt","-1697.6667"
"Emissions from Forests","Syrian Arab Republic","Area","Forestland","2006","FAO TIER 1","1000 ha","491.496"
"Emissions from Forests","Syrian Arab Republic","Net emissions/removals (CO2) (Forest land)","Forestland","2006","FAO TIER 1","kt","-1697.6667"
"Emissions from Forests","Syrian Arab Republic","Area","Forestland","2007","FAO TIER 1","1000 ha","496.617"
"Emissions from Forests","Syrian Arab Republic","Net emissions/removals (CO2) (Forest land)","Forestland","2007","FAO TIER 1","kt","-1697.6667"
"Emissions from Forests","Syrian Arab Republic","Area","Forestland","2008","FAO TIER 1","1000 ha","501.738"
"Emissions from Forests","Syrian Arab Republic","Net emissions/removals (CO2) (Forest land)","Forestland","2008","FAO TIER 1","kt","-1697.6667"
"Emissions from Forests","Syrian Arab Republic","Area","Forestland","2009","FAO TIER 1","1000 ha","506.859"
"Emissions from Forests","Syrian Arab Republic","Net emissions/removals (CO2) (Forest land)","Forestland","2009","FAO TIER 1","kt","-1697.6667"
"Emissions from Forests","Syrian Arab Republic","Area","Forestland","2010","FAO TIER 1","1000 ha","511.98"
"Emissions from Forests","Syrian Arab Republic","Net emissions/removals (CO2) (Forest land)","Forestland","2010","FAO TIER 1","kt","-1697.6667"
"Emissions from Forests","Syrian Arab Republic","Area","Forestland","2011","FAO TIER 1","1000 ha","515.038"
"Emissions from Forests","Syrian Arab Republic","Net emissions/removals (CO2) (Forest land)","Forestland","2011","FAO TIER 1","kt","-1606"
"Emissions from Forests","Syrian Arab Republic","Area","Forestland","2012","FAO TIER 1","1000 ha","518.096"
"Emissions from Forests","Syrian Arab Republic","Net emissions/removals (CO2) (Forest land)","Forestland","2012","FAO TIER 1","kt","-1606"
"Emissions from Forests","Syrian Arab Republic","Area","Forestland","2013","FAO TIER 1","1000 ha","521.154"
"Emissions from Forests","Syrian Arab Republic","Net emissions/removals (CO2) (Forest land)","Forestland","2013","FAO TIER 1","kt","-1606"
"Emissions from Forests","Syrian Arab Republic","Area","Forestland","2014","FAO TIER 1","1000 ha","524.212"
"Emissions from Forests","Syrian Arab Republic","Net emissions/removals (CO2) (Forest land)","Forestland","2014","FAO TIER 1","kt","-1606"
"Emissions from Forests","Syrian Arab Republic","Area","Forestland","2015","FAO TIER 1","1000 ha","527.27"
"Emissions from Forests","Syrian Arab Republic","Net emissions/removals (CO2) (Forest land)","Forestland","2015","FAO TIER 1","kt","-1606"
"Emissions from Forests","Syrian Arab Republic","Area","Forestland","2016","FAO TIER 1","1000 ha","527.346"
"Emissions from Forests","Syrian Arab Republic","Net emissions/removals (CO2) (Forest land)","Forestland","2016","FAO TIER 1","kt","-1378.6667"
"Emissions from Forests","Syrian Arab Republic","Area","Forestland","2017","FAO TIER 1","1000 ha","527.422"
"Emissions from Forests","Syrian Arab Republic","Net emissions/removals (CO2) (Forest land)","Forestland","2017","FAO TIER 1","kt","-1378.6667"
"Emissions from Forests","Syrian Arab Republic","Area","Forestland","2018","FAO TIER 1","1000 ha","527.498"
"Emissions from Forests","Syrian Arab Republic","Net emissions/removals (CO2) (Forest land)","Forestland","2018","FAO TIER 1","kt","-1378.6667"
"Emissions from Forests","Syrian Arab Republic","Area","Forestland","2019","FAO TIER 1","1000 ha","527.574"
"Emissions from Forests","Syrian Arab Republic","Net emissions/removals (CO2) (Forest land)","Forestland","2019","FAO TIER 1","kt","-1378.6667"
"Emissions from Forests","Syrian Arab Republic","Area","Forestland","2020","FAO TIER 1","1000 ha","527.65"
"Emissions from Forests","Syrian Arab Republic","Net emissions/removals (CO2) (Forest land)","Forestland","2020","FAO TIER 1","kt","-1378.6667"
"Emissions from Forests","Syrian Arab Republic","Area","Forestland","2021","FAO TIER 1","1000 ha","527.682"
"Emissions from Forests","Syrian Arab Republic","Net emissions/removals (CO2) (Forest land)","Forestland","2021","FAO TIER 1","kt","-1884.6667"
"Emissions from Forests","Syrian Arab Republic","Area","Forestland","2022","FAO TIER 1","1000 ha","527.714"
"Emissions from Forests","Syrian Arab Republic","Net emissions/removals (CO2) (Forest land)","Forestland","2022","FAO TIER 1","kt","-1884.6667"
"Emissions from Forests","Syrian Arab Republic","Area","Forestland","2023","FAO TIER 1","1000 ha","527.746"
"Emissions from Forests","Syrian Arab Republic","Net emissions/removals (CO2) (Forest land)","Forestland","2023","FAO TIER 1","kt","-1884.6667"
"Emissions from Forests","Syrian Arab Republic","Area","Forestland","2024","FAO TIER 1","1000 ha","527.778"
"Emissions from Forests","Syrian Arab Republic","Net emissions/removals (CO2) (Forest land)","Forestland","2024","FAO TIER 1","kt","-1884.6667"
"Emissions from Forests","Syrian Arab Republic","Area","Forestland","2025","FAO TIER 1","1000 ha","527.81"
"Emissions from Forests","Syrian Arab Republic","Net emissions/removals (CO2) (Forest land)","Forestland","2025","FAO TIER 1","kt","-1884.6667"
"Emissions from Forests","Syrian Arab Republic","Area","Net Forest conversion","1990","FAO TIER 1","1000 ha","0"
"Emissions from Forests","Syrian Arab Republic","Net emissions/removals (CO2) (Forest land)","Net Forest conversion","1990","FAO TIER 1","kt","0"
"Emissions from Forests","Syrian Arab Republic","Area","Net Forest conversion","1991","FAO TIER 1","1000 ha","0"
"Emissions from Forests","Syrian Arab Republic","Net emissions/removals (CO2) (Forest land)","Net Forest conversion","1991","FAO TIER 1","kt","0"
"Emissions from Forests","Syrian Arab Republic","Area","Net Forest conversion","1992","FAO TIER 1","1000 ha","0"
"Emissions from Forests","Syrian Arab Republic","Net emissions/removals (CO2) (Forest land)","Net Forest conversion","1992","FAO TIER 1","kt","0"
"Emissions from Forests","Syrian Arab Republic","Area","Net Forest conversion","1993","FAO TIER 1","1000 ha","0"
"Emissions from Forests","Syrian Arab Republic","Net emissions/removals (CO2) (Forest land)","Net Forest conversion","1993","FAO TIER 1","kt","0"
"Emissions from Forests","Syrian Arab Republic","Area","Net Forest conversion","1994","FAO TIER 1","1000 ha","0"
"Emissions from Forests","Syrian Arab Republic","Net emissions/removals (CO2) (Forest land)","Net Forest conversion","1994","FAO TIER 1","kt","0"
"Emissions from Forests","Syrian Arab Republic","Area","Net Forest conversion","1995","FAO TIER 1","1000 ha","0"
"Emissions from Forests","Syrian Arab Republic","Net emissions/removals (CO2) (Forest land)","Net Forest conversion","1995","FAO TIER 1","kt","0"
"Emissions from Forests","Syrian Arab Republic","Area","Net Forest conversion","1996","FAO TIER 1","1000 ha","0"
"Emissions from Forests","Syrian Arab Republic","Net emissions/removals (CO2) (Forest land)","Net Forest conversion","1996","FAO TIER 1","kt","0"
"Emissions from Forests","Syrian Arab Republic","Area","Net Forest conversion","1997","FAO TIER 1","1000 ha","0"
"Emissions from Forests","Syrian Arab Republic","Net emissions/removals (CO2) (Forest land)","Net Forest conversion","1997","FAO TIER 1","kt","0"
"Emissions from Forests","Syrian Arab Republic","Area","Net Forest conversion","1998","FAO TIER 1","1000 ha","0"
"Emissions from Forests","Syrian Arab Republic","Net emissions/removals (CO2) (Forest land)","Net Forest conversion","1998","FAO TIER 1","kt","0"
"Emissions from Forests","Syrian Arab Republic","Area","Net Forest conversion","1999","FAO TIER 1","1000 ha","0"
"Emissions from Forests","Syrian Arab Republic","Net emissions/removals (CO2) (Forest land)","Net Forest conversion","1999","FAO TIER 1","kt","0"
"Emissions from Forests","Syrian Arab Republic","Area","Net Forest conversion","2000","FAO TIER 1","1000 ha","0"
"Emissions from Forests","Syrian Arab Republic","Net emissions/removals (CO2) (Forest land)","Net Forest conversion","2000","FAO TIER 1","kt","0"
"Emissions from Forests","Syrian Arab Republic","Area","Net Forest conversion","2001","FAO TIER 1","1000 ha","0"
"Emissions from Forests","Syrian Arab Republic","Net emissions/removals (CO2) (Forest land)","Net Forest conversion","2001","FAO TIER 1","kt","0"
"Emissions from Forests","Syrian Arab Republic","Area","Net Forest conversion","2002","FAO TIER 1","1000 ha","0"
"Emissions from Forests","Syrian Arab Republic","Net emissions/removals (CO2) (Forest land)","Net Forest conversion","2002","FAO TIER 1","kt","0"
"Emissions from Forests","Syrian Arab Republic","Area","Net Forest conversion","2003","FAO TIER 1","1000 ha","0"
"Emissions from Forests","Syrian Arab Republic","Net emissions/removals (CO2) (Forest land)","Net Forest conversion","2003","FAO TIER 1","kt","0"
"Emissions from Forests","Syrian Arab Republic","Area","Net Forest conversion","2004","FAO TIER 1","1000 ha","0"
"Emissions from Forests","Syrian Arab Republic","Net emissions/removals (CO2) (Forest land)","Net Forest conversion","2004","FAO TIER 1","kt","0"
"Emissions from Forests","Syrian Arab Republic","Area","Net Forest conversion","2005","FAO TIER 1","1000 ha","0"
"Emissions from Forests","Syrian Arab Republic","Net emissions/removals (CO2) (Forest land)","Net Forest conversion","2005","FAO TIER 1","kt","0"
"Emissions from Forests","Syrian Arab Republic","Area","Net Forest conversion","2006","FAO TIER 1","1000 ha","0"
"Emissions from Forests","Syrian Arab Republic","Net emissions/removals (CO2) (Forest land)","Net Forest conversion","2006","FAO TIER 1","kt","0"
"Emissions from Forests","Syrian Arab Republic","Area","Net Forest conversion","2007","FAO TIER 1","1000 ha","0"
"Emissions from Forests","Syrian Arab Republic","Net emissions/removals (CO2) (Forest land)","Net Forest conversion","2007","FAO TIER 1","kt","0"
"Emissions from Forests","Syrian Arab Republic","Area","Net Forest conversion","2008","FAO TIER 1","1000 ha","0"
"Emissions from Forests","Syrian Arab Republic","Net emissions/removals (CO2) (Forest land)","Net Forest conversion","2008","FAO TIER 1","kt","0"
"Emissions from Forests","Syrian Arab Republic","Area","Net Forest conversion","2009","FAO TIER 1","1000 ha","0"
"Emissions from Forests","Syrian Arab Republic","Net emissions/removals (CO2) (Forest land)","Net Forest conversion","2009","FAO TIER 1","kt","0"
"Emissions from Forests","Syrian Arab Republic","Area","Net Forest conversion","2010","FAO TIER 1","1000 ha","0"
"Emissions from Forests","Syrian Arab Republic","Net emissions/removals (CO2) (Forest land)","Net Forest conversion","2010","FAO TIER 1","kt","0"
"Emissions from Forests","Syrian Arab Republic","Area","Net Forest conversion","2011","FAO TIER 1","1000 ha","0"
"Emissions from Forests","Syrian Arab Republic","Net emissions/removals (CO2) (Forest land)","Net Forest conversion","2011","FAO TIER 1","kt","0"
"Emissions from Forests","Syrian Arab Republic","Area","Net Forest conversion","2012","FAO TIER 1","1000 ha","0"
"Emissions from Forests","Syrian Arab Republic","Net emissions/removals (CO2) (Forest land)","Net Forest conversion","2012","FAO TIER 1","kt","0"
"Emissions from Forests","Syrian Arab Republic","Area","Net Forest conversion","2013","FAO TIER 1","1000 ha","0"
"Emissions from Forests","Syrian Arab Republic","Net emissions/removals (CO2) (Forest land)","Net Forest conversion","2013","FAO TIER 1","kt","0"
"Emissions from Forests","Syrian Arab Republic","Area","Net Forest conversion","2014","FAO TIER 1","1000 ha","0"
"Emissions from Forests","Syrian Arab Republic","Net emissions/removals (CO2) (Forest land)","Net Forest conversion","2014","FAO TIER 1","kt","0"
"Emissions from Forests","Syrian Arab Republic","Area","Net Forest conversion","2015","FAO TIER 1","1000 ha","0"
"Emissions from Forests","Syrian Arab Republic","Net emissions/removals (CO2) (Forest land)","Net Forest conversion","2015","FAO TIER 1","kt","0"
"Emissions from Forests","Syrian Arab Republic","Area","Net Forest conversion","2016","FAO TIER 1","1000 ha","0"
"Emissions from Forests","Syrian Arab Republic","Net emissions/removals (CO2) (Forest land)","Net Forest conversion","2016","FAO TIER 1","kt","0"
"Emissions from Forests","Syrian Arab Republic","Area","Net Forest conversion","2017","FAO TIER 1","1000 ha","0"
"Emissions from Forests","Syrian Arab Republic","Net emissions/removals (CO2) (Forest land)","Net Forest conversion","2017","FAO TIER 1","kt","0"
"Emissions from Forests","Syrian Arab Republic","Area","Net Forest conversion","2018","FAO TIER 1","1000 ha","0"
"Emissions from Forests","Syrian Arab Republic","Net emissions/removals (CO2) (Forest land)","Net Forest conversion","2018","FAO TIER 1","kt","0"
"Emissions from Forests","Syrian Arab Republic","Area","Net Forest conversion","2019","FAO TIER 1","1000 ha","0"
"Emissions from Forests","Syrian Arab Republic","Net emissions/removals (CO2) (Forest land)","Net Forest conversion","2019","FAO TIER 1","kt","0"
"Emissions from Forests","Syrian Arab Republic","Area","Net Forest conversion","2020","FAO TIER 1","1000 ha","0"
"Emissions from Forests","Syrian Arab Republic","Net emissions/removals (CO2) (Forest land)","Net Forest conversion","2020","FAO TIER 1","kt","0"
"Emissions from Forests","Syrian Arab Republic","Area","Net Forest conversion","2021","FAO TIER 1","1000 ha","0"
"Emissions from Forests","Syrian Arab Republic","Net emissions/removals (CO2) (Forest land)","Net Forest conversion","2021","FAO TIER 1","kt","0"
"Emissions from Forests","Syrian Arab Republic","Area","Net Forest conversion","2022","FAO TIER 1","1000 ha","0"
"Emissions from Forests","Syrian Arab Republic","Net emissions/removals (CO2) (Forest land)","Net Forest conversion","2022","FAO TIER 1","kt","0"
"Emissions from Forests","Syrian Arab Republic","Area","Net Forest conversion","2023","FAO TIER 1","1000 ha","0"
"Emissions from Forests","Syrian Arab Republic","Net emissions/removals (CO2) (Forest land)","Net Forest conversion","2023","FAO TIER 1","kt","0"
"Emissions from Forests","Syrian Arab Republic","Area","Net Forest conversion","2024","FAO TIER 1","1000 ha","0"
"Emissions from Forests","Syrian Arab Republic","Net emissions/removals (CO2) (Forest land)","Net Forest conversion","2024","FAO TIER 1","kt","0"
"Emissions from Forests","Syrian Arab Republic","Area","Net Forest conversion","2025","FAO TIER 1","1000 ha","0"
"Emissions from Forests","Syrian Arab Republic","Net emissions/removals (CO2) (Forest land)","Net Forest conversion","2025","FAO TIER 1","kt","0"
"Emissions from Forests","Syrian Arab Republic","Area","Carbon stock change in forests","1990","FAO TIER 1","1000 ha","450.99"
"Emissions from Forests","Syrian Arab Republic","Net emissions/removals (CO2) (Forest land)","Carbon stock change in forests","1990","FAO TIER 1","kt","-1525.3333"
"Emissions from Forests","Syrian Arab Republic","Area","Carbon stock change in forests","1991","FAO TIER 1","1000 ha","451.968"
"Emissions from Forests","Syrian Arab Republic","Net emissions/removals (CO2) (Forest land)","Carbon stock change in forests","1991","FAO TIER 1","kt","-1525.3333"
"Emissions from Forests","Syrian Arab Republic","Area","Carbon stock change in forests","1992","FAO TIER 1","1000 ha","452.946"
"Emissions from Forests","Syrian Arab Republic","Net emissions/removals (CO2) (Forest land)","Carbon stock change in forests","1992","FAO TIER 1","kt","-1525.3333"
"Emissions from Forests","Syrian Arab Republic","Area","Carbon stock change in forests","1993","FAO TIER 1","1000 ha","453.924"
"Emissions from Forests","Syrian Arab Republic","Net emissions/removals (CO2) (Forest land)","Carbon stock change in forests","1993","FAO TIER 1","kt","-1525.3333"
"Emissions from Forests","Syrian Arab Republic","Area","Carbon stock change in forests","1994","FAO TIER 1","1000 ha","454.902"
"Emissions from Forests","Syrian Arab Republic","Net emissions/removals (CO2) (Forest land)","Carbon stock change in forests","1994","FAO TIER 1","kt","-1525.3333"
"Emissions from Forests","Syrian Arab Republic","Area","Carbon stock change in forests","1995","FAO TIER 1","1000 ha","455.88"
"Emissions from Forests","Syrian Arab Republic","Net emissions/removals (CO2) (Forest land)","Carbon stock change in forests","1995","FAO TIER 1","kt","-1525.3333"
"Emissions from Forests","Syrian Arab Republic","Area","Carbon stock change in forests","1996","FAO TIER 1","1000 ha","456.858"
"Emissions from Forests","Syrian Arab Republic","Net emissions/removals (CO2) (Forest land)","Carbon stock change in forests","1996","FAO TIER 1","kt","-1525.3333"
"Emissions from Forests","Syrian Arab Republic","Area","Carbon stock change in forests","1997","FAO TIER 1","1000 ha","457.836"
"Emissions from Forests","Syrian Arab Republic","Net emissions/removals (CO2) (Forest land)","Carbon stock change in forests","1997","FAO TIER 1","kt","-1525.3333"
"Emissions from Forests","Syrian Arab Republic","Area","Carbon stock change in forests","1998","FAO TIER 1","1000 ha","458.814"
"Emissions from Forests","Syrian Arab Republic","Net emissions/removals (CO2) (Forest land)","Carbon stock change in forests","1998","FAO TIER 1","kt","-1525.3333"
"Emissions from Forests","Syrian Arab Republic","Area","Carbon stock change in forests","1999","FAO TIER 1","1000 ha","459.792"
"Emissions from Forests","Syrian Arab Republic","Net emissions/removals (CO2) (Forest land)","Carbon stock change in forests","1999","FAO TIER 1","kt","-1525.3333"
"Emissions from Forests","Syrian Arab Republic","Area","Carbon stock change in forests","2000","FAO TIER 1","1000 ha","460.77"
"Emissions from Forests","Syrian Arab Republic","Net emissions/removals (CO2) (Forest land)","Carbon stock change in forests","2000","FAO TIER 1","kt","-1525.3333"
"Emissions from Forests","Syrian Arab Republic","Area","Carbon stock change in forests","2001","FAO TIER 1","1000 ha","465.891"
"Emissions from Forests","Syrian Arab Republic","Net emissions/removals (CO2) (Forest land)","Carbon stock change in forests","2001","FAO TIER 1","kt","-1697.6667"
"Emissions from Forests","Syrian Arab Republic","Area","Carbon stock change in forests","2002","FAO TIER 1","1000 ha","471.012"
"Emissions from Forests","Syrian Arab Republic","Net emissions/removals (CO2) (Forest land)","Carbon stock change in forests","2002","FAO TIER 1","kt","-1697.6667"
"Emissions from Forests","Syrian Arab Republic","Area","Carbon stock change in forests","2003","FAO TIER 1","1000 ha","476.133"
"Emissions from Forests","Syrian Arab Republic","Net emissions/removals (CO2) (Forest land)","Carbon stock change in forests","2003","FAO TIER 1","kt","-1697.6667"
"Emissions from Forests","Syrian Arab Republic","Area","Carbon stock change in forests","2004","FAO TIER 1","1000 ha","481.254"
"Emissions from Forests","Syrian Arab Republic","Net emissions/removals (CO2) (Forest land)","Carbon stock change in forests","2004","FAO TIER 1","kt","-1697.6667"
"Emissions from Forests","Syrian Arab Republic","Area","Carbon stock change in forests","2005","FAO TIER 1","1000 ha","486.375"
"Emissions from Forests","Syrian Arab Republic","Net emissions/removals (CO2) (Forest land)","Carbon stock change in forests","2005","FAO TIER 1","kt","-1697.6667"
"Emissions from Forests","Syrian Arab Republic","Area","Carbon stock change in forests","2006","FAO TIER 1","1000 ha","491.496"
"Emissions from Forests","Syrian Arab Republic","Net emissions/removals (CO2) (Forest land)","Carbon stock change in forests","2006","FAO TIER 1","kt","-1697.6667"
"Emissions from Forests","Syrian Arab Republic","Area","Carbon stock change in forests","2007","FAO TIER 1","1000 ha","496.617"
"Emissions from Forests","Syrian Arab Republic","Net emissions/removals (CO2) (Forest land)","Carbon stock change in forests","2007","FAO TIER 1","kt","-1697.6667"
"Emissions from Forests","Syrian Arab Republic","Area","Carbon stock change in forests","2008","FAO TIER 1","1000 ha","501.738"
"Emissions from Forests","Syrian Arab Republic","Net emissions/removals (CO2) (Forest land)","Carbon stock change in forests","2008","FAO TIER 1","kt","-1697.6667"
"Emissions from Forests","Syrian Arab Republic","Area","Carbon stock change in forests","2009","FAO TIER 1","1000 ha","506.859"
"Emissions from Forests","Syrian Arab Republic","Net emissions/removals (CO2) (Forest land)","Carbon stock change in forests","2009","FAO TIER 1","kt","-1697.6667"
"Emissions from Forests","Syrian Arab Republic","Area","Carbon stock change in forests","2010","FAO TIER 1","1000 ha","511.98"
"Emissions from Forests","Syrian Arab Republic","Net emissions/removals (CO2) (Forest land)","Carbon stock change in forests","2010","FAO TIER 1","kt","-1697.6667"
"Emissions from Forests","Syrian Arab Republic","Area","Carbon stock change in forests","2011","FAO TIER 1","1000 ha","515.038"
"Emissions from Forests","Syrian Arab Republic","Net emissions/removals (CO2) (Forest land)","Carbon stock change in forests","2011","FAO TIER 1","kt","-1606"
"Emissions from Forests","Syrian Arab Republic","Area","Carbon stock change in forests","2012","FAO TIER 1","1000 ha","518.096"
"Emissions from Forests","Syrian Arab Republic","Net emissions/removals (CO2) (Forest land)","Carbon stock change in forests","2012","FAO TIER 1","kt","-1606"
"Emissions from Forests","Syrian Arab Republic","Area","Carbon stock change in forests","2013","FAO TIER 1","1000 ha","521.154"
"Emissions from Forests","Syrian Arab Republic","Net emissions/removals (CO2) (Forest land)","Carbon stock change in forests","2013","FAO TIER 1","kt","-1606"
"Emissions from Forests","Syrian Arab Republic","Area","Carbon stock change in forests","2014","FAO TIER 1","1000 ha","524.212"
"Emissions from Forests","Syrian Arab Republic","Net emissions/removals (CO2) (Forest land)","Carbon stock change in forests","2014","FAO TIER 1","kt","-1606"
"Emissions from Forests","Syrian Arab Republic","Area","Carbon stock change in forests","2015","FAO TIER 1","1000 ha","527.27"
"Emissions from Forests","Syrian Arab Republic","Net emissions/removals (CO2) (Forest land)","Carbon stock change in forests","2015","FAO TIER 1","kt","-1606"
"Emissions from Forests","Syrian Arab Republic","Area","Carbon stock change in forests","2016","FAO TIER 1","1000 ha","527.346"
"Emissions from Forests","Syrian Arab Republic","Net emissions/removals (CO2) (Forest land)","Carbon stock change in forests","2016","FAO TIER 1","kt","-1378.6667"
"Emissions from Forests","Syrian Arab Republic","Area","Carbon stock change in forests","2017","FAO TIER 1","1000 ha","527.422"
"Emissions from Forests","Syrian Arab Republic","Net emissions/removals (CO2) (Forest land)","Carbon stock change in forests","2017","FAO TIER 1","kt","-1378.6667"
"Emissions from Forests","Syrian Arab Republic","Area","Carbon stock change in forests","2018","FAO TIER 1","1000 ha","527.498"
"Emissions from Forests","Syrian Arab Republic","Net emissions/removals (CO2) (Forest land)","Carbon stock change in forests","2018","FAO TIER 1","kt","-1378.6667"
"Emissions from Forests","Syrian Arab Republic","Area","Carbon stock change in forests","2019","FAO TIER 1","1000 ha","527.574"
"Emissions from Forests","Syrian Arab Republic","Net emissions/removals (CO2) (Forest land)","Carbon stock change in forests","2019","FAO TIER 1","kt","-1378.6667"
"Emissions from Forests","Syrian Arab Republic","Area","Carbon stock change in forests","2020","FAO TIER 1","1000 ha","527.65"
"Emissions from Forests","Syrian Arab Republic","Net emissions/removals (CO2) (Forest land)","Carbon stock change in forests","2020","FAO TIER 1","kt","-1378.6667"
"Emissions from Forests","Syrian Arab Republic","Area","Carbon stock change in forests","2021","FAO TIER 1","1000 ha","527.682"
"Emissions from Forests","Syrian Arab Republic","Net emissions/removals (CO2) (Forest land)","Carbon stock change in forests","2021","FAO TIER 1","kt","-1884.6667"
"Emissions from Forests","Syrian Arab Republic","Area","Carbon stock change in forests","2022","FAO TIER 1","1000 ha","527.714"
"Emissions from Forests","Syrian Arab Republic","Net emissions/removals (CO2) (Forest land)","Carbon stock change in forests","2022","FAO TIER 1","kt","-1884.6667"
"Emissions from Forests","Syrian Arab Republic","Area","Carbon stock change in forests","2023","FAO TIER 1","1000 ha","527.746"
"Emissions from Forests","Syrian Arab Republic","Net emissions/removals (CO2) (Forest land)","Carbon stock change in forests","2023","FAO TIER 1","kt","-1884.6667"
"Emissions from Forests","Syrian Arab Republic","Area","Carbon stock change in forests","2024","FAO TIER 1","1000 ha","527.778"
"Emissions from Forests","Syrian Arab Republic","Net emissions/removals (CO2) (Forest land)","Carbon stock change in forests","2024","FAO TIER 1","kt","-1884.6667"
"Emissions from Forests","Syrian Arab Republic","Area","Carbon stock change in forests","2025","FAO TIER 1","1000 ha","527.81"
"Emissions from Forests","Syrian Arab Republic","Net emissions/removals (CO2) (Forest land)","Carbon stock change in forests","2025","FAO TIER 1","kt","-1884.6667"
